block_id,timestamp,temp,rainfall,humidity,wind,lat,lon
BLK_TVM_NED,2024-07-10 00:00:00,23.4,1.9,97.0,3.6,8.601,76.998
BLK_TVM_NED,2024-07-10 06:00:00,29.3,0.3,72.0,12.3,8.601,76.998
BLK_TVM_NED,2024-07-10 12:00:00,27.6,0.0,79.0,11.3,8.601,76.998
BLK_TVM_NED,2024-07-10 18:00:00,24.8,0.2,92.0,10.8,8.601,76.998
BLK_TVM_NED,2024-07-11 00:00:00,24.2,0.0,96.0,4.8,8.601,76.998
BLK_TVM_NED,2024-07-11 06:00:00,30.0,0.3,70.0,14.8,8.601,76.998
BLK_TVM_NED,2024-07-11 12:00:00,28.6,0.0,77.0,14.7,8.601,76.998
BLK_TVM_NED,2024-07-11 18:00:00,25.0,0.0,93.0,7.6,8.601,76.998
BLK_TVM_NED,2024-07-12 00:00:00,24.4,0.3,96.0,8.1,8.601,76.998
BLK_TVM_NED,2024-07-12 06:00:00,28.7,0.3,78.0,11.2,8.601,76.998
BLK_TVM_NED,2024-07-12 12:00:00,25.9,0.2,89.0,8.2,8.601,76.998
BLK_TVM_NED,2024-07-12 18:00:00,24.3,0.7,97.0,7.9,8.601,76.998
BLK_TVM_CTY,2024-07-10 00:00:00,23.5,2.0,98.0,4.7,8.524,76.936
BLK_TVM_CTY,2024-07-10 06:00:00,28.3,0.0,76.0,16.0,8.524,76.936
BLK_TVM_CTY,2024-07-10 12:00:00,26.9,0.0,81.0,17.1,8.524,76.936
BLK_TVM_CTY,2024-07-10 18:00:00,25.2,0.3,91.0,11.8,8.524,76.936
BLK_TVM_CTY,2024-07-11 00:00:00,24.3,0.0,96.0,9.2,8.524,76.936
BLK_TVM_CTY,2024-07-11 06:00:00,29.1,0.0,72.0,17.9,8.524,76.936
BLK_TVM_CTY,2024-07-11 12:00:00,27.3,0.0,83.0,17.1,8.524,76.936
BLK_TVM_CTY,2024-07-11 18:00:00,25.4,0.0,91.0,9.3,8.524,76.936
BLK_TVM_CTY,2024-07-12 00:00:00,24.5,0.5,95.0,10.2,8.524,76.936
BLK_TVM_CTY,2024-07-12 06:00:00,28.2,0.2,79.0,15.5,8.524,76.936
BLK_TVM_CTY,2024-07-12 12:00:00,25.7,0.0,89.0,12.0,8.524,76.936
BLK_TVM_CTY,2024-07-12 18:00:00,24.6,1.0,96.0,9.7,8.524,76.936
BLK_KLM_PUN,2024-07-10 00:00:00,22.8,1.8,100.0,4.1,9.018,76.928
BLK_KLM_PUN,2024-07-10 06:00:00,28.5,0.1,72.0,12.0,9.018,76.928
BLK_KLM_PUN,2024-07-10 12:00:00,27.0,0.4,78.0,13.4,9.018,76.928
BLK_KLM_PUN,2024-07-10 18:00:00,23.7,0.4,100.0,6.4,9.018,76.928
BLK_KLM_PUN,2024-07-11 00:00:00,23.7,0.0,98.0,6.2,9.018,76.928
BLK_KLM_PUN,2024-07-11 06:00:00,29.6,0.2,68.0,15.3,9.018,76.928
BLK_KLM_PUN,2024-07-11 12:00:00,28.3,0.0,76.0,14.0,9.018,76.928
BLK_KLM_PUN,2024-07-11 18:00:00,24.5,0.0,95.0,6.6,9.018,76.928
BLK_KLM_PUN,2024-07-12 00:00:00,23.7,0.1,98.0,7.0,9.018,76.928
BLK_KLM_PUN,2024-07-12 06:00:00,27.4,0.9,79.0,13.6,9.018,76.928
BLK_KLM_PUN,2024-07-12 12:00:00,24.2,0.4,100.0,6.6,9.018,76.928
BLK_KLM_PUN,2024-07-12 18:00:00,23.7,0.2,99.0,6.6,9.018,76.928
BLK_KLM_KOT,2024-07-10 00:00:00,23.3,0.6,97.0,4.2,9.001,76.772
BLK_KLM_KOT,2024-07-10 06:00:00,28.6,0.2,74.0,13.7,9.001,76.772
BLK_KLM_KOT,2024-07-10 12:00:00,27.4,0.1,79.0,13.4,9.001,76.772
BLK_KLM_KOT,2024-07-10 18:00:00,24.6,0.6,96.0,4.5,9.001,76.772
BLK_KLM_KOT,2024-07-11 00:00:00,24.2,0.0,96.0,1.9,9.001,76.772
BLK_KLM_KOT,2024-07-11 06:00:00,29.5,0.3,73.0,12.3,9.001,76.772
BLK_KLM_KOT,2024-07-11 12:00:00,28.5,0.0,76.0,13.2,9.001,76.772
BLK_KLM_KOT,2024-07-11 18:00:00,25.1,0.0,94.0,3.6,9.001,76.772
BLK_KLM_KOT,2024-07-12 00:00:00,24.2,0.2,97.0,3.7,9.001,76.772
BLK_KLM_KOT,2024-07-12 06:00:00,27.1,0.5,85.0,9.7,9.001,76.772
BLK_KLM_KOT,2024-07-12 12:00:00,25.5,0.2,91.0,8.7,9.001,76.772
BLK_KLM_KOT,2024-07-12 18:00:00,24.6,0.0,95.0,5.5,9.001,76.772
BLK_PTA_RAN,2024-07-10 00:00:00,23.1,0.5,100.0,2.5,9.382,76.786
BLK_PTA_RAN,2024-07-10 06:00:00,28.8,0.1,71.0,9.0,9.382,76.786
BLK_PTA_RAN,2024-07-10 12:00:00,26.1,0.6,87.0,9.4,9.382,76.786
BLK_PTA_RAN,2024-07-10 18:00:00,23.1,1.9,100.0,4.4,9.382,76.786
BLK_PTA_RAN,2024-07-11 00:00:00,22.7,0.0,98.0,4.3,9.382,76.786
BLK_PTA_RAN,2024-07-11 06:00:00,29.5,0.0,72.0,10.7,9.382,76.786
BLK_PTA_RAN,2024-07-11 12:00:00,28.2,0.0,76.0,11.5,9.382,76.786
BLK_PTA_RAN,2024-07-11 18:00:00,24.2,0.0,95.0,4.1,9.382,76.786
BLK_PTA_RAN,2024-07-12 00:00:00,23.7,0.2,97.0,4.6,9.382,76.786
BLK_PTA_RAN,2024-07-12 06:00:00,27.2,0.3,84.0,6.1,9.382,76.786
BLK_PTA_RAN,2024-07-12 12:00:00,24.6,0.2,96.0,4.2,9.382,76.786
BLK_PTA_RAN,2024-07-12 18:00:00,23.3,0.1,100.0,4.6,9.382,76.786
BLK_PTA_ADO,2024-07-10 00:00:00,23.5,0.1,97.0,3.2,9.153,76.736
BLK_PTA_ADO,2024-07-10 06:00:00,29.0,0.0,72.0,10.8,9.153,76.736
BLK_PTA_ADO,2024-07-10 12:00:00,27.3,0.5,77.0,14.2,9.153,76.736
BLK_PTA_ADO,2024-07-10 18:00:00,24.5,0.2,96.0,5.2,9.153,76.736
BLK_PTA_ADO,2024-07-11 00:00:00,24.2,0.0,97.0,2.8,9.153,76.736
BLK_PTA_ADO,2024-07-11 06:00:00,29.7,0.6,73.0,12.5,9.153,76.736
BLK_PTA_ADO,2024-07-11 12:00:00,28.4,0.0,78.0,14.5,9.153,76.736
BLK_PTA_ADO,2024-07-11 18:00:00,25.2,0.0,93.0,5.8,9.153,76.736
BLK_PTA_ADO,2024-07-12 00:00:00,24.1,0.2,97.0,4.3,9.153,76.736
BLK_PTA_ADO,2024-07-12 06:00:00,26.9,0.2,86.0,9.4,9.153,76.736
BLK_PTA_ADO,2024-07-12 12:00:00,25.4,0.2,91.0,6.4,9.153,76.736
BLK_PTA_ADO,2024-07-12 18:00:00,24.5,0.0,95.0,6.0,9.153,76.736
BLK_ALP_AMB,2024-07-10 00:00:00,24.5,0.5,94.0,8.9,9.382,76.355
BLK_ALP_AMB,2024-07-10 06:00:00,28.2,0.3,78.0,18.1,9.382,76.355
BLK_ALP_AMB,2024-07-10 12:00:00,26.4,0.5,86.0,15.5,9.382,76.355
BLK_ALP_AMB,2024-07-10 18:00:00,25.6,0.1,90.0,8.9,9.382,76.355
BLK_ALP_AMB,2024-07-11 00:00:00,24.5,0.1,98.0,4.3,9.382,76.355
BLK_ALP_AMB,2024-07-11 06:00:00,28.6,0.0,81.0,11.5,9.382,76.355
BLK_ALP_AMB,2024-07-11 12:00:00,27.8,0.0,81.0,15.0,9.382,76.355
BLK_ALP_AMB,2024-07-11 18:00:00,26.6,0.0,86.0,6.1,9.382,76.355
BLK_ALP_AMB,2024-07-12 00:00:00,25.0,0.3,94.0,8.0,9.382,76.355
BLK_ALP_AMB,2024-07-12 06:00:00,27.6,0.1,83.0,11.9,9.382,76.355
BLK_ALP_AMB,2024-07-12 12:00:00,26.0,0.1,89.0,10.4,9.382,76.355
BLK_ALP_AMB,2024-07-12 18:00:00,24.9,0.5,96.0,7.2,9.382,76.355
BLK_ALP_CHE,2024-07-10 00:00:00,23.5,0.3,98.0,5.1,9.317,76.612
BLK_ALP_CHE,2024-07-10 06:00:00,29.1,0.2,70.0,12.3,9.317,76.612
BLK_ALP_CHE,2024-07-10 12:00:00,27.1,0.6,81.0,13.0,9.317,76.612
BLK_ALP_CHE,2024-07-10 18:00:00,24.5,0.2,96.0,4.2,9.317,76.612
BLK_ALP_CHE,2024-07-11 00:00:00,24.2,0.0,97.0,3.6,9.317,76.612
BLK_ALP_CHE,2024-07-11 06:00:00,30.0,0.1,73.0,10.4,9.317,76.612
BLK_ALP_CHE,2024-07-11 12:00:00,28.3,0.0,80.0,13.2,9.317,76.612
BLK_ALP_CHE,2024-07-11 18:00:00,25.0,0.0,94.0,4.1,9.317,76.612
BLK_ALP_CHE,2024-07-12 00:00:00,24.3,0.3,96.0,3.3,9.317,76.612
BLK_ALP_CHE,2024-07-12 06:00:00,27.7,0.3,84.0,10.7,9.317,76.612
BLK_ALP_CHE,2024-07-12 12:00:00,25.5,0.2,90.0,9.1,9.317,76.612
BLK_ALP_CHE,2024-07-12 18:00:00,24.4,0.0,96.0,4.7,9.317,76.612
BLK_KTM_PAL,2024-07-10 00:00:00,22.8,4.5,100.0,1.5,9.711,76.684
BLK_KTM_PAL,2024-07-10 06:00:00,29.3,0.0,68.0,6.1,9.711,76.684
BLK_KTM_PAL,2024-07-10 12:00:00,26.8,0.1,81.0,12.5,9.711,76.684
BLK_KTM_PAL,2024-07-10 18:00:00,23.7,0.7,100.0,4.0,9.711,76.684
BLK_KTM_PAL,2024-07-11 00:00:00,23.3,0.0,98.0,2.5,9.711,76.684
BLK_KTM_PAL,2024-07-11 06:00:00,30.8,0.0,66.0,8.7,9.711,76.684
BLK_KTM_PAL,2024-07-11 12:00:00,28.4,0.0,77.0,11.0,9.711,76.684
BLK_KTM_PAL,2024-07-11 18:00:00,24.6,0.0,93.0,6.4,9.711,76.684
BLK_KTM_PAL,2024-07-12 00:00:00,23.4,0.9,99.0,2.3,9.711,76.684
BLK_KTM_PAL,2024-07-12 06:00:00,26.1,0.4,88.0,5.8,9.711,76.684
BLK_KTM_PAL,2024-07-12 12:00:00,24.9,1.1,98.0,5.5,9.711,76.684
BLK_KTM_PAL,2024-07-12 18:00:00,23.4,0.4,100.0,4.0,9.711,76.684
BLK_KTM_KAN,2024-07-10 00:00:00,23.6,2.4,100.0,1.9,9.558,76.786
BLK_KTM_KAN,2024-07-10 06:00:00,29.7,0.1,68.0,7.4,9.558,76.786
BLK_KTM_KAN,2024-07-10 12:00:00,26.8,1.0,85.0,6.6,9.558,76.786
BLK_KTM_KAN,2024-07-10 18:00:00,23.9,1.8,100.0,2.8,9.558,76.786
BLK_KTM_KAN,2024-07-11 00:00:00,23.7,0.0,96.0,3.3,9.558,76.786
BLK_KTM_KAN,2024-07-11 06:00:00,30.9,0.2,65.0,10.9,9.558,76.786
BLK_KTM_KAN,2024-07-11 12:00:00,29.1,0.0,74.0,11.3,9.558,76.786
BLK_KTM_KAN,2024-07-11 18:00:00,24.9,0.0,93.0,4.1,9.558,76.786
BLK_KTM_KAN,2024-07-12 00:00:00,24.3,0.3,95.0,2.4,9.558,76.786
BLK_KTM_KAN,2024-07-12 06:00:00,28.0,0.2,85.0,3.6,9.558,76.786
BLK_KTM_KAN,2024-07-12 12:00:00,25.0,0.8,98.0,3.6,9.558,76.786
BLK_KTM_KAN,2024-07-12 18:00:00,23.7,0.4,100.0,2.9,9.558,76.786
BLK_IDK_MUN,2024-07-10 00:00:00,16.8,0.1,100.0,6.4,10.088,77.06
BLK_IDK_MUN,2024-07-10 06:00:00,22.2,0.0,72.0,12.1,10.088,77.06
BLK_IDK_MUN,2024-07-10 12:00:00,17.9,0.6,94.0,10.6,10.088,77.06
BLK_IDK_MUN,2024-07-10 18:00:00,16.6,0.0,99.0,6.8,10.088,77.06
BLK_IDK_MUN,2024-07-11 00:00:00,16.0,0.0,96.0,9.0,10.088,77.06
BLK_IDK_MUN,2024-07-11 06:00:00,22.0,0.0,71.0,13.0,10.088,77.06
BLK_IDK_MUN,2024-07-11 12:00:00,19.4,0.2,91.0,10.6,10.088,77.06
BLK_IDK_MUN,2024-07-11 18:00:00,17.3,0.0,93.0,8.2,10.088,77.06
BLK_IDK_MUN,2024-07-12 00:00:00,17.1,0.1,98.0,6.7,10.088,77.06
BLK_IDK_MUN,2024-07-12 06:00:00,18.8,1.1,98.0,7.5,10.088,77.06
BLK_IDK_MUN,2024-07-12 12:00:00,17.5,2.7,100.0,11.9,10.088,77.06
BLK_IDK_MUN,2024-07-12 18:00:00,16.9,0.3,100.0,11.2,10.088,77.06
BLK_IDK_THO,2024-07-10 00:00:00,23.2,0.8,100.0,1.3,9.896,76.712
BLK_IDK_THO,2024-07-10 06:00:00,29.8,0.0,66.0,6.4,9.896,76.712
BLK_IDK_THO,2024-07-10 12:00:00,26.7,1.2,83.0,8.8,9.896,76.712
BLK_IDK_THO,2024-07-10 18:00:00,23.5,1.3,100.0,2.2,9.896,76.712
BLK_IDK_THO,2024-07-11 00:00:00,22.4,0.0,99.0,4.0,9.896,76.712
BLK_IDK_THO,2024-07-11 06:00:00,30.4,0.4,67.0,8.7,9.896,76.712
BLK_IDK_THO,2024-07-11 12:00:00,28.6,0.0,74.0,8.4,9.896,76.712
BLK_IDK_THO,2024-07-11 18:00:00,24.6,0.1,93.0,6.4,9.896,76.712
BLK_IDK_THO,2024-07-12 00:00:00,23.8,0.2,98.0,3.1,9.896,76.712
BLK_IDK_THO,2024-07-12 06:00:00,26.4,1.5,88.0,5.9,9.896,76.712
BLK_IDK_THO,2024-07-12 12:00:00,24.5,3.5,97.0,1.9,9.896,76.712
BLK_IDK_THO,2024-07-12 18:00:00,23.3,0.2,100.0,3.0,9.896,76.712
BLK_IDK_DEV,2024-07-10 00:00:00,16.3,0.0,99.0,9.5,10.063,77.104
BLK_IDK_DEV,2024-07-10 06:00:00,22.7,0.1,63.0,8.6,10.063,77.104
BLK_IDK_DEV,2024-07-10 12:00:00,18.7,0.1,88.0,12.1,10.063,77.104
BLK_IDK_DEV,2024-07-10 18:00:00,15.9,0.0,97.0,9.7,10.063,77.104
BLK_IDK_DEV,2024-07-11 00:00:00,15.2,0.0,96.0,10.0,10.063,77.104
BLK_IDK_DEV,2024-07-11 06:00:00,22.9,0.0,61.0,10.5,10.063,77.104
BLK_IDK_DEV,2024-07-11 12:00:00,19.9,0.1,84.0,9.4,10.063,77.104
BLK_IDK_DEV,2024-07-11 18:00:00,16.8,0.0,89.0,9.7,10.063,77.104
BLK_IDK_DEV,2024-07-12 00:00:00,16.4,0.0,98.0,9.2,10.063,77.104
BLK_IDK_DEV,2024-07-12 06:00:00,19.0,2.6,88.0,10.4,10.063,77.104
BLK_IDK_DEV,2024-07-12 12:00:00,17.3,3.7,99.0,13.0,10.063,77.104
BLK_IDK_DEV,2024-07-12 18:00:00,16.2,0.3,100.0,12.5,10.063,77.104
BLK_EKM_ALU,2024-07-10 00:00:00,23.3,5.5,98.0,5.2,10.108,76.357
BLK_EKM_ALU,2024-07-10 06:00:00,28.9,0.3,75.0,10.2,10.108,76.357
BLK_EKM_ALU,2024-07-10 12:00:00,26.6,0.3,83.0,16.6,10.108,76.357
BLK_EKM_ALU,2024-07-10 18:00:00,24.3,0.4,94.0,1.1,10.108,76.357
BLK_EKM_ALU,2024-07-11 00:00:00,23.1,0.0,99.0,2.4,10.108,76.357
BLK_EKM_ALU,2024-07-11 06:00:00,29.5,0.0,75.0,8.4,10.108,76.357
BLK_EKM_ALU,2024-07-11 12:00:00,27.9,0.0,81.0,11.4,10.108,76.357
BLK_EKM_ALU,2024-07-11 18:00:00,25.4,0.2,94.0,2.8,10.108,76.357
BLK_EKM_ALU,2024-07-12 00:00:00,24.7,0.3,96.0,4.2,10.108,76.357
BLK_EKM_ALU,2024-07-12 06:00:00,27.1,0.1,85.0,9.3,10.108,76.357
BLK_EKM_ALU,2024-07-12 12:00:00,25.8,0.9,88.0,6.6,10.108,76.357
BLK_EKM_ALU,2024-07-12 18:00:00,24.1,0.9,98.0,4.1,10.108,76.357
BLK_EKM_MUV,2024-07-10 00:00:00,23.5,7.8,100.0,3.4,9.983,76.578
BLK_EKM_MUV,2024-07-10 06:00:00,30.0,0.1,69.0,4.5,9.983,76.578
BLK_EKM_MUV,2024-07-10 12:00:00,27.3,0.5,81.0,11.4,9.983,76.578
BLK_EKM_MUV,2024-07-10 18:00:00,23.9,0.2,100.0,2.7,9.983,76.578
BLK_EKM_MUV,2024-07-11 00:00:00,22.6,0.0,100.0,3.7,9.983,76.578
BLK_EKM_MUV,2024-07-11 06:00:00,30.6,0.1,69.0,6.9,9.983,76.578
BLK_EKM_MUV,2024-07-11 12:00:00,28.9,0.1,75.0,8.8,9.983,76.578
BLK_EKM_MUV,2024-07-11 18:00:00,24.5,0.5,94.0,5.0,9.983,76.578
BLK_EKM_MUV,2024-07-12 00:00:00,23.9,0.5,100.0,3.0,9.983,76.578
BLK_EKM_MUV,2024-07-12 06:00:00,26.6,3.5,88.0,7.7,9.983,76.578
BLK_EKM_MUV,2024-07-12 12:00:00,25.4,0.3,96.0,1.1,9.983,76.578
BLK_EKM_MUV,2024-07-12 18:00:00,23.8,0.4,100.0,1.4,9.983,76.578
BLK_TSR_CHA,2024-07-10 00:00:00,23.2,6.8,99.0,5.6,10.307,76.333
BLK_TSR_CHA,2024-07-10 06:00:00,29.8,0.0,67.0,8.2,10.307,76.333
BLK_TSR_CHA,2024-07-10 12:00:00,26.7,1.9,82.0,13.5,10.307,76.333
BLK_TSR_CHA,2024-07-10 18:00:00,23.9,0.6,96.0,7.2,10.307,76.333
BLK_TSR_CHA,2024-07-11 00:00:00,23.1,0.0,98.0,3.5,10.307,76.333
BLK_TSR_CHA,2024-07-11 06:00:00,30.3,0.0,70.0,8.2,10.307,76.333
BLK_TSR_CHA,2024-07-11 12:00:00,28.3,0.0,78.0,11.5,10.307,76.333
BLK_TSR_CHA,2024-07-11 18:00:00,25.4,0.2,93.0,2.3,10.307,76.333
BLK_TSR_CHA,2024-07-12 00:00:00,24.9,0.1,96.0,3.4,10.307,76.333
BLK_TSR_CHA,2024-07-12 06:00:00,27.4,0.2,84.0,6.9,10.307,76.333
BLK_TSR_CHA,2024-07-12 12:00:00,26.1,6.4,87.0,7.4,10.307,76.333
BLK_TSR_CHA,2024-07-12 18:00:00,24.0,0.3,98.0,3.6,10.307,76.333
BLK_TSR_WAD,2024-07-10 00:00:00,23.6,0.5,97.0,9.0,10.662,76.241
BLK_TSR_WAD,2024-07-10 06:00:00,29.2,0.0,69.0,10.3,10.662,76.241
BLK_TSR_WAD,2024-07-10 12:00:00,26.0,2.1,88.0,15.6,10.662,76.241
BLK_TSR_WAD,2024-07-10 18:00:00,24.1,0.0,96.0,4.3,10.662,76.241
BLK_TSR_WAD,2024-07-11 00:00:00,23.5,0.0,98.0,6.0,10.662,76.241
BLK_TSR_WAD,2024-07-11 06:00:00,29.8,0.1,72.0,9.6,10.662,76.241
BLK_TSR_WAD,2024-07-11 12:00:00,28.0,0.0,78.0,13.7,10.662,76.241
BLK_TSR_WAD,2024-07-11 18:00:00,25.0,0.1,92.0,3.3,10.662,76.241
BLK_TSR_WAD,2024-07-12 00:00:00,24.3,0.0,97.0,4.4,10.662,76.241
BLK_TSR_WAD,2024-07-12 06:00:00,26.3,1.4,87.0,11.3,10.662,76.241
BLK_TSR_WAD,2024-07-12 12:00:00,25.2,2.6,93.0,11.8,10.662,76.241
BLK_TSR_WAD,2024-07-12 18:00:00,23.9,0.0,97.0,3.3,10.662,76.241
BLK_PLK_CTY,2024-07-10 00:00:00,23.2,0.1,96.0,9.8,10.786,76.654
BLK_PLK_CTY,2024-07-10 06:00:00,28.8,0.0,69.0,17.7,10.786,76.654
BLK_PLK_CTY,2024-07-10 12:00:00,25.2,1.1,87.0,16.7,10.786,76.654
BLK_PLK_CTY,2024-07-10 18:00:00,23.6,0.2,95.0,10.3,10.786,76.654
BLK_PLK_CTY,2024-07-11 00:00:00,23.1,0.0,98.0,10.4,10.786,76.654
BLK_PLK_CTY,2024-07-11 06:00:00,28.6,0.1,72.0,16.3,10.786,76.654
BLK_PLK_CTY,2024-07-11 12:00:00,27.5,0.2,81.0,17.0,10.786,76.654
BLK_PLK_CTY,2024-07-11 18:00:00,24.4,0.1,95.0,10.8,10.786,76.654
BLK_PLK_CTY,2024-07-12 00:00:00,23.9,0.0,96.0,11.2,10.786,76.654
BLK_PLK_CTY,2024-07-12 06:00:00,26.2,1.0,86.0,14.1,10.786,76.654
BLK_PLK_CTY,2024-07-12 12:00:00,24.1,1.2,95.0,16.5,10.786,76.654
BLK_PLK_CTY,2024-07-12 18:00:00,23.3,0.1,98.0,10.1,10.786,76.654
BLK_PLK_MAN,2024-07-10 00:00:00,23.0,0.7,100.0,1.8,10.989,76.458
BLK_PLK_MAN,2024-07-10 06:00:00,28.9,0.2,70.0,11.2,10.989,76.458
BLK_PLK_MAN,2024-07-10 12:00:00,24.5,0.9,97.0,8.4,10.989,76.458
BLK_PLK_MAN,2024-07-10 18:00:00,23.1,0.9,100.0,3.3,10.989,76.458
BLK_PLK_MAN,2024-07-11 00:00:00,22.0,0.0,100.0,3.2,10.989,76.458
BLK_PLK_MAN,2024-07-11 06:00:00,29.5,0.0,66.0,13.5,10.989,76.458
BLK_PLK_MAN,2024-07-11 12:00:00,27.5,0.1,78.0,10.6,10.989,76.458
BLK_PLK_MAN,2024-07-11 18:00:00,24.3,0.0,95.0,5.0,10.989,76.458
BLK_PLK_MAN,2024-07-12 00:00:00,23.4,0.0,96.0,4.3,10.989,76.458
BLK_PLK_MAN,2024-07-12 06:00:00,24.9,19.8,91.0,9.5,10.989,76.458
BLK_PLK_MAN,2024-07-12 12:00:00,23.9,4.3,100.0,6.8,10.989,76.458
BLK_PLK_MAN,2024-07-12 18:00:00,23.1,0.1,100.0,3.2,10.989,76.458
BLK_PLK_ATT,2024-07-10 00:00:00,20.0,0.1,100.0,12.0,11.085,76.683
BLK_PLK_ATT,2024-07-10 06:00:00,25.8,0.1,75.0,17.1,11.085,76.683
BLK_PLK_ATT,2024-07-10 12:00:00,22.3,0.2,91.0,19.4,11.085,76.683
BLK_PLK_ATT,2024-07-10 18:00:00,20.4,0.1,99.0,15.0,11.085,76.683
BLK_PLK_ATT,2024-07-11 00:00:00,19.7,0.0,99.0,11.5,11.085,76.683
BLK_PLK_ATT,2024-07-11 06:00:00,26.7,0.1,72.0,16.0,11.085,76.683
BLK_PLK_ATT,2024-07-11 12:00:00,24.1,0.0,84.0,18.8,11.085,76.683
BLK_PLK_ATT,2024-07-11 18:00:00,21.2,0.0,99.0,13.5,11.085,76.683
BLK_PLK_ATT,2024-07-12 00:00:00,20.6,0.0,99.0,15.8,11.085,76.683
BLK_PLK_ATT,2024-07-12 06:00:00,24.0,0.9,87.0,18.6,11.085,76.683
BLK_PLK_ATT,2024-07-12 12:00:00,21.1,0.1,99.0,22.8,11.085,76.683
BLK_PLK_ATT,2024-07-12 18:00:00,20.6,0.1,99.0,17.6,11.085,76.683
BLK_MLP_PER,2024-07-10 00:00:00,23.7,0.0,98.0,5.0,10.976,76.225
BLK_MLP_PER,2024-07-10 06:00:00,29.4,0.1,67.0,9.4,10.976,76.225
BLK_MLP_PER,2024-07-10 12:00:00,25.8,1.4,90.0,11.4,10.976,76.225
BLK_MLP_PER,2024-07-10 18:00:00,23.5,3.3,96.0,1.8,10.976,76.225
BLK_MLP_PER,2024-07-11 00:00:00,23.2,0.0,98.0,3.6,10.976,76.225
BLK_MLP_PER,2024-07-11 06:00:00,29.5,0.1,73.0,11.6,10.976,76.225
BLK_MLP_PER,2024-07-11 12:00:00,28.2,0.0,77.0,13.5,10.976,76.225
BLK_MLP_PER,2024-07-11 18:00:00,25.4,0.0,91.0,6.8,10.976,76.225
BLK_MLP_PER,2024-07-12 00:00:00,24.1,0.1,95.0,4.7,10.976,76.225
BLK_MLP_PER,2024-07-12 06:00:00,25.9,5.5,90.0,8.8,10.976,76.225
BLK_MLP_PER,2024-07-12 12:00:00,25.3,2.3,93.0,8.5,10.976,76.225
BLK_MLP_PER,2024-07-12 18:00:00,24.2,0.2,95.0,4.8,10.976,76.225
BLK_MLP_NIL,2024-07-10 00:00:00,23.8,0.1,100.0,3.3,11.277,76.226
BLK_MLP_NIL,2024-07-10 06:00:00,30.0,0.0,71.0,4.5,11.277,76.226
BLK_MLP_NIL,2024-07-10 12:00:00,25.4,3.1,99.0,3.6,11.277,76.226
BLK_MLP_NIL,2024-07-10 18:00:00,24.1,0.1,100.0,5.8,11.277,76.226
BLK_MLP_NIL,2024-07-11 00:00:00,23.6,0.0,99.0,2.8,11.277,76.226
BLK_MLP_NIL,2024-07-11 06:00:00,30.3,0.2,74.0,2.4,11.277,76.226
BLK_MLP_NIL,2024-07-11 12:00:00,28.6,0.0,81.0,5.2,11.277,76.226
BLK_MLP_NIL,2024-07-11 18:00:00,25.4,0.0,94.0,2.9,11.277,76.226
BLK_MLP_NIL,2024-07-12 00:00:00,24.3,0.0,98.0,4.0,11.277,76.226
BLK_MLP_NIL,2024-07-12 06:00:00,28.6,0.6,83.0,4.6,11.277,76.226
BLK_MLP_NIL,2024-07-12 12:00:00,25.3,4.4,99.0,9.8,11.277,76.226
BLK_MLP_NIL,2024-07-12 18:00:00,24.2,0.0,100.0,5.1,11.277,76.226
BLK_KKD_KOD,2024-07-10 00:00:00,22.9,0.0,97.0,5.5,11.357,75.912
BLK_KKD_KOD,2024-07-10 06:00:00,29.4,0.0,73.0,6.4,11.357,75.912
BLK_KKD_KOD,2024-07-10 12:00:00,25.6,0.9,89.0,5.7,11.357,75.912
BLK_KKD_KOD,2024-07-10 18:00:00,23.6,1.1,96.0,2.0,11.357,75.912
BLK_KKD_KOD,2024-07-11 00:00:00,22.5,0.0,98.0,3.4,11.357,75.912
BLK_KKD_KOD,2024-07-11 06:00:00,30.1,0.0,67.0,9.7,11.357,75.912
BLK_KKD_KOD,2024-07-11 12:00:00,27.8,0.2,77.0,10.7,11.357,75.912
BLK_KKD_KOD,2024-07-11 18:00:00,24.5,0.1,93.0,4.5,11.357,75.912
BLK_KKD_KOD,2024-07-12 00:00:00,23.5,0.0,96.0,1.0,11.357,75.912
BLK_KKD_KOD,2024-07-12 06:00:00,28.0,1.2,79.0,8.1,11.357,75.912
BLK_KKD_KOD,2024-07-12 12:00:00,25.0,0.8,92.0,7.7,11.357,75.912
BLK_KKD_KOD,2024-07-12 18:00:00,24.3,0.1,90.0,1.0,11.357,75.912
BLK_KKD_VAD,2024-07-10 00:00:00,24.1,0.0,96.0,6.6,11.603,75.59
BLK_KKD_VAD,2024-07-10 06:00:00,29.3,0.0,73.0,8.1,11.603,75.59
BLK_KKD_VAD,2024-07-10 12:00:00,25.8,0.9,92.0,9.9,11.603,75.59
BLK_KKD_VAD,2024-07-10 18:00:00,24.2,0.0,98.0,4.1,11.603,75.59
BLK_KKD_VAD,2024-07-11 00:00:00,23.6,0.0,98.0,3.4,11.603,75.59
BLK_KKD_VAD,2024-07-11 06:00:00,29.3,0.1,73.0,10.5,11.603,75.59
BLK_KKD_VAD,2024-07-11 12:00:00,28.0,0.0,80.0,13.7,11.603,75.59
BLK_KKD_VAD,2024-07-11 18:00:00,25.3,2.0,95.0,11.1,11.603,75.59
BLK_KKD_VAD,2024-07-12 00:00:00,24.6,0.1,96.0,2.3,11.603,75.59
BLK_KKD_VAD,2024-07-12 06:00:00,27.3,0.7,85.0,10.0,11.603,75.59
BLK_KKD_VAD,2024-07-12 12:00:00,25.5,1.1,93.0,11.1,11.603,75.59
BLK_KKD_VAD,2024-07-12 18:00:00,24.4,0.2,97.0,3.6,11.603,75.59
BLK_WYD_KAL,2024-07-10 00:00:00,19.3,0.0,100.0,3.1,11.608,76.083
BLK_WYD_KAL,2024-07-10 06:00:00,26.0,0.0,69.0,9.4,11.608,76.083
BLK_WYD_KAL,2024-07-10 12:00:00,22.5,0.1,88.0,9.6,11.608,76.083
BLK_WYD_KAL,2024-07-10 18:00:00,21.0,0.0,97.0,6.3,11.608,76.083
BLK_WYD_KAL,2024-07-11 00:00:00,19.4,0.0,100.0,2.3,11.608,76.083
BLK_WYD_KAL,2024-07-11 06:00:00,26.6,0.0,65.0,8.3,11.608,76.083
BLK_WYD_KAL,2024-07-11 12:00:00,24.5,0.0,79.0,8.5,11.608,76.083
BLK_WYD_KAL,2024-07-11 18:00:00,21.1,0.0,98.0,3.0,11.608,76.083
BLK_WYD_KAL,2024-07-12 00:00:00,21.2,0.0,97.0,5.0,11.608,76.083
BLK_WYD_KAL,2024-07-12 06:00:00,24.9,2.3,79.0,10.2,11.608,76.083
BLK_WYD_KAL,2024-07-12 12:00:00,22.1,0.2,91.0,10.0,11.608,76.083
BLK_WYD_KAL,2024-07-12 18:00:00,20.6,0.0,99.0,6.6,11.608,76.083
BLK_WYD_MAN,2024-07-10 00:00:00,19.3,0.0,100.0,4.2,11.803,76.003
BLK_WYD_MAN,2024-07-10 06:00:00,25.8,0.1,71.0,10.9,11.803,76.003
BLK_WYD_MAN,2024-07-10 12:00:00,22.0,0.3,91.0,10.2,11.803,76.003
BLK_WYD_MAN,2024-07-10 18:00:00,20.5,0.0,99.0,6.4,11.803,76.003
BLK_WYD_MAN,2024-07-11 00:00:00,20.1,0.0,100.0,6.3,11.803,76.003
BLK_WYD_MAN,2024-07-11 06:00:00,25.3,0.1,68.0,12.7,11.803,76.003
BLK_WYD_MAN,2024-07-11 12:00:00,23.1,0.0,85.0,11.4,11.803,76.003
BLK_WYD_MAN,2024-07-11 18:00:00,20.8,0.1,99.0,6.7,11.803,76.003
BLK_WYD_MAN,2024-07-12 00:00:00,20.7,0.1,99.0,6.2,11.803,76.003
BLK_WYD_MAN,2024-07-12 06:00:00,24.5,0.2,80.0,11.6,11.803,76.003
BLK_WYD_MAN,2024-07-12 12:00:00,20.9,0.5,100.0,11.1,11.803,76.003
BLK_WYD_MAN,2024-07-12 18:00:00,20.3,0.1,100.0,7.8,11.803,76.003
BLK_WYD_SUL,2024-07-10 00:00:00,18.8,0.0,98.0,7.6,11.662,76.257
BLK_WYD_SUL,2024-07-10 06:00:00,26.0,0.2,67.0,11.8,11.662,76.257
BLK_WYD_SUL,2024-07-10 12:00:00,22.5,0.2,86.0,12.1,11.662,76.257
BLK_WYD_SUL,2024-07-10 18:00:00,20.2,0.0,98.0,8.0,11.662,76.257
BLK_WYD_SUL,2024-07-11 00:00:00,19.1,0.0,99.0,2.5,11.662,76.257
BLK_WYD_SUL,2024-07-11 06:00:00,26.4,0.0,65.0,11.3,11.662,76.257
BLK_WYD_SUL,2024-07-11 12:00:00,24.6,0.1,76.0,10.4,11.662,76.257
BLK_WYD_SUL,2024-07-11 18:00:00,20.7,0.0,99.0,4.6,11.662,76.257
BLK_WYD_SUL,2024-07-12 00:00:00,20.1,0.0,98.0,8.8,11.662,76.257
BLK_WYD_SUL,2024-07-12 06:00:00,26.4,0.2,71.0,10.2,11.662,76.257
BLK_WYD_SUL,2024-07-12 12:00:00,21.7,0.5,92.0,12.3,11.662,76.257
BLK_WYD_SUL,2024-07-12 18:00:00,20.2,0.0,99.0,9.5,11.662,76.257
BLK_KNR_TAL,2024-07-10 00:00:00,23.5,0.1,99.0,6.1,12.046,75.358
BLK_KNR_TAL,2024-07-10 06:00:00,28.9,0.1,74.0,8.7,12.046,75.358
BLK_KNR_TAL,2024-07-10 12:00:00,25.5,2.8,87.0,8.7,12.046,75.358
BLK_KNR_TAL,2024-07-10 18:00:00,23.6,0.0,98.0,4.1,12.046,75.358
BLK_KNR_TAL,2024-07-11 00:00:00,23.3,0.0,99.0,1.8,12.046,75.358
BLK_KNR_TAL,2024-07-11 06:00:00,28.0,0.2,78.0,7.6,12.046,75.358
BLK_KNR_TAL,2024-07-11 12:00:00,27.8,0.7,77.0,12.3,12.046,75.358
BLK_KNR_TAL,2024-07-11 18:00:00,23.9,2.3,96.0,10.7,12.046,75.358
BLK_KNR_TAL,2024-07-12 00:00:00,23.7,0.1,98.0,2.9,12.046,75.358
BLK_KNR_TAL,2024-07-12 06:00:00,28.4,0.2,79.0,9.7,12.046,75.358
BLK_KNR_TAL,2024-07-12 12:00:00,25.2,0.5,92.0,6.3,12.046,75.358
BLK_KNR_TAL,2024-07-12 18:00:00,23.1,0.2,100.0,4.1,12.046,75.358
BLK_KNR_IRI,2024-07-10 00:00:00,24.1,0.0,95.0,1.6,11.982,75.667
BLK_KNR_IRI,2024-07-10 06:00:00,30.5,0.0,66.0,5.8,11.982,75.667
BLK_KNR_IRI,2024-07-10 12:00:00,25.5,2.4,100.0,4.8,11.982,75.667
BLK_KNR_IRI,2024-07-10 18:00:00,23.7,0.3,100.0,3.1,11.982,75.667
BLK_KNR_IRI,2024-07-11 00:00:00,24.1,0.0,93.0,2.9,11.982,75.667
BLK_KNR_IRI,2024-07-11 06:00:00,29.3,0.1,70.0,6.1,11.982,75.667
BLK_KNR_IRI,2024-07-11 12:00:00,28.1,0.2,76.0,8.9,11.982,75.667
BLK_KNR_IRI,2024-07-11 18:00:00,25.3,0.3,93.0,3.9,11.982,75.667
BLK_KNR_IRI,2024-07-12 00:00:00,24.1,0.0,100.0,1.5,11.982,75.667
BLK_KNR_IRI,2024-07-12 06:00:00,28.5,0.1,78.0,8.3,11.982,75.667
BLK_KNR_IRI,2024-07-12 12:00:00,24.7,3.2,100.0,5.5,11.982,75.667
BLK_KNR_IRI,2024-07-12 18:00:00,23.8,0.8,100.0,1.6,11.982,75.667
BLK_KSD_KAN,2024-07-10 00:00:00,24.2,1.1,96.0,6.9,12.308,75.093
BLK_KSD_KAN,2024-07-10 06:00:00,27.7,0.1,81.0,10.4,12.308,75.093
BLK_KSD_KAN,2024-07-10 12:00:00,26.1,0.6,87.0,8.9,12.308,75.093
BLK_KSD_KAN,2024-07-10 18:00:00,24.7,0.1,96.0,4.5,12.308,75.093
BLK_KSD_KAN,2024-07-11 00:00:00,23.9,0.0,96.0,5.1,12.308,75.093
BLK_KSD_KAN,2024-07-11 06:00:00,27.8,0.0,79.0,9.4,12.308,75.093
BLK_KSD_KAN,2024-07-11 12:00:00,27.0,0.8,82.0,16.6,12.308,75.093
BLK_KSD_KAN,2024-07-11 18:00:00,25.2,0.4,94.0,4.8,12.308,75.093
BLK_KSD_KAN,2024-07-12 00:00:00,24.5,0.2,95.0,0.8,12.308,75.093
BLK_KSD_KAN,2024-07-12 06:00:00,26.3,1.8,85.0,13.6,12.308,75.093
BLK_KSD_KAN,2024-07-12 12:00:00,26.3,0.5,85.0,11.9,12.308,75.093
BLK_KSD_KAN,2024-07-12 18:00:00,24.7,0.6,93.0,8.3,12.308,75.093
BLK_KSD_KAS,2024-07-10 00:00:00,23.5,2.2,97.0,9.7,12.51,74.985
BLK_KSD_KAS,2024-07-10 06:00:00,27.2,0.2,83.0,11.6,12.51,74.985
BLK_KSD_KAS,2024-07-10 12:00:00,26.0,0.3,89.0,11.1,12.51,74.985
BLK_KSD_KAS,2024-07-10 18:00:00,24.7,0.1,96.0,2.5,12.51,74.985
BLK_KSD_KAS,2024-07-11 00:00:00,23.9,0.3,96.0,4.2,12.51,74.985
BLK_KSD_KAS,2024-07-11 06:00:00,27.9,0.0,80.0,10.9,12.51,74.985
BLK_KSD_KAS,2024-07-11 12:00:00,26.6,2.0,84.0,17.4,12.51,74.985
BLK_KSD_KAS,2024-07-11 18:00:00,25.2,0.4,95.0,7.3,12.51,74.985
BLK_KSD_KAS,2024-07-12 00:00:00,24.3,0.1,96.0,4.6,12.51,74.985
BLK_KSD_KAS,2024-07-12 06:00:00,26.4,0.5,87.0,10.9,12.51,74.985
BLK_KSD_KAS,2024-07-12 12:00:00,25.6,0.3,91.0,9.9,12.51,74.985
BLK_KSD_KAS,2024-07-12 18:00:00,24.8,1.1,95.0,11.4,12.51,74.985
